代號,名稱,股票代號,MD日期,分析師數量,目標價,2025EPS最高值,2025EPS最低值,2025EPS平均值,2025EPS中位數,2026EPS最高值,2026EPS最低值,2026EPS平均值,2026EPS中位數,2027EPS最高值,2027EPS最低值,2027EPS平均值,2027EPS中位數,2028EPS最高值,2028EPS最低值,2028EPS平均值,2028EPS中位數,2025營收最高值,2025營收最低值,2025營收平均值,2025營收中位數,2026營收最高值,2026營收最低值,2026營收平均值,2026營收中位數,2027營收最高值,2027營收最低值,2027營收平均值,2027營收中位數,2028營收最高值,2028營收最低值,2028營收平均值,2028營收中位數,品質評分,狀態,驗證狀態,MD File,搜尋日期,處理日期
2301,光寶科,2301-TW,2025-10-02,13,145.0,6.97,6.01,6.43,6.40,8.96,6.85,7.84,7.80,12.32,7.70,9.85,9.95,,,,,170352000.00,159320000.00,163511570.00,162546790.00,213401000.00,172046000.00,185530230.00,180801000.00,284520000.00,189316270.00,219672770.00,194643570.00,,,,,8.9,🟡 良好,✅ 通過,https://raw.githubusercontent.com/wenchiehlee/GoogleSearch/refs/heads/main/data/md/2301_%E5%85%89%E5%AF%B6%E7%A7%91_factset_fed89985.md,2025-12-31 18:48:37,2026-02-16 03:44:47
2303,聯電,2303-TW,2026-02-07,21,67.0,,,,,4.66,3.17,3.84,3.87,5.50,3.56,4.58,4.53,5.29,5.29,5.29,5.29,,,,,275955000.00,245325680.00,260049180.00,260043000.00,306066910.00,256491000.00,283551770.00,284213770.00,306296000.00,306296000.00,306296000.00,306296000.00,9.7,🟢 優秀,✅ 通過,https://raw.githubusercontent.com/wenchiehlee/GoogleSearch/refs/heads/main/data/md/2303_%E8%81%AF%E9%9B%BB_factset_37a2595a.md,2026-02-11 19:32:16,2026-02-16 03:44:47
2303,聯電,2303-TW,2026-01-29,20,50.0,,,,,5.09,3.17,3.69,3.61,6.03,3.52,4.33,4.32,5.29,5.29,5.29,5.29,,,,,264735810.00,243900000.00,252378250.00,252475230.00,293181000.00,257913880.00,274715120.00,277019650.00,306296000.00,306296000.00,306296000.00,306296000.00,9.7,🟢 優秀,✅ 通過,https://raw.githubusercontent.com/wenchiehlee/GoogleSearch/refs/heads/main/data/md/2303_%E8%81%AF%E9%9B%BB_factset_f1678f8e.md,2026-02-05 19:14:53,2026-02-16 03:44:47
2303,聯電,2303-TW,2026-01-29,20,50.0,,,,,5.09,3.17,3.69,3.61,6.03,3.52,4.33,4.32,5.29,5.29,5.29,5.29,,,,,264735810.00,243900000.00,252378250.00,252475230.00,293181000.00,257913880.00,274715120.00,277019650.00,306296000.00,306296000.00,306296000.00,306296000.00,9.7,🟢 優秀,✅ 通過,https://raw.githubusercontent.com/wenchiehlee/GoogleSearch/refs/heads/main/data/md/2303_%E8%81%AF%E9%9B%BB_factset_f41e4ef0.md,2026-02-12 19:43:14,2026-02-16 03:44:47
2303,聯電,2303-TW,2026-01-29,21,51.0,,,,,5.09,3.17,3.73,3.68,6.03,3.52,4.41,4.47,5.29,5.29,5.29,5.29,,,,,268653000.00,243900000.00,253935410.00,252824000.00,301069000.00,258416000.00,278885340.00,280494390.00,306296000.00,306296000.00,306296000.00,306296000.00,9.7,🟢 優秀,✅ 通過,https://raw.githubusercontent.com/wenchiehlee/GoogleSearch/refs/heads/main/data/md/2303_%E8%81%AF%E9%9B%BB_factset_ada83357.md,2026-02-15 18:55:01,2026-02-16 03:44:47
2303,聯電,2303-TW,2026-01-29,21,51.0,,,,,5.09,3.17,3.73,3.68,6.03,3.52,4.41,4.47,5.29,5.29,5.29,5.29,,,,,268653000.00,243900000.00,253935410.00,252824000.00,301069000.00,258416000.00,278885340.00,280494390.00,306296000.00,306296000.00,306296000.00,306296000.00,9.7,🟢 優秀,✅ 通過,https://raw.githubusercontent.com/wenchiehlee/GoogleSearch/refs/heads/main/data/md/2303_%E8%81%AF%E9%9B%BB_factset_3bf194e8.md,2026-02-07 18:56:50,2026-02-16 03:44:47
2303,聯電,2303-TW,2025-11-03,23,45.75,3.43,2.72,3.19,3.31,4.35,2.93,3.57,3.54,5.02,3.21,4.08,3.99,,,,,239680000.00,231031350.00,235424150.00,235472000.00,266280360.00,235911000.00,249719800.00,248834500.00,289107610.00,250426880.00,271052630.00,273134880.00,,,,,9.7,🟢 優秀,✅ 通過,https://raw.githubusercontent.com/wenchiehlee/GoogleSearch/refs/heads/main/data/md/2303_%E8%81%AF%E9%9B%BB_factset_e6cd3efe.md,2026-01-27 18:58:59,2026-02-16 03:44:47
2303,聯電,2303-TW,2025-11-03,23,45.75,3.43,2.72,3.19,3.31,4.35,2.93,3.57,3.54,5.02,3.21,4.08,3.99,,,,,239680000.00,231031350.00,235424150.00,235472000.00,266280360.00,235911000.00,249719800.00,248834500.00,289107610.00,250426880.00,271052630.00,273134880.00,,,,,9.7,🟢 優秀,✅ 通過,https://raw.githubusercontent.com/wenchiehlee/GoogleSearch/refs/heads/main/data/md/2303_%E8%81%AF%E9%9B%BB_factset_ac878974.md,2026-02-14 18:53:24,2026-02-16 03:44:47
2303,聯電,2303-TW,2025-10-30,22,45.4,3.43,2.63,3.00,2.91,4.49,2.91,3.51,3.52,4.80,3.21,4.00,3.95,,,,,239680000.00,228211000.00,234084350.00,234854930.00,266280360.00,231721000.00,247169870.00,248016000.00,289107610.00,248050780.00,266976140.00,267454080.00,,,,,9.7,🟢 優秀,✅ 通過,https://raw.githubusercontent.com/wenchiehlee/GoogleSearch/refs/heads/main/data/md/2303_%E8%81%AF%E9%9B%BB_factset_d092d705.md,2026-01-27 18:59:00,2026-02-16 03:44:47
2308,台達電,2308-TW,2025-10-31,21,1200.0,25.72,17.87,23.03,23.69,40.32,22.34,32.36,33.31,72.31,34.59,45.48,42.26,,,,,558570930.00,499384000.00,537239880.00,545892000.00,738714750.00,554086000.00,658981850.00,678274440.00,992091000.00,723280000.00,828692550.00,811873910.00,,,,,9.5,🟢 優秀,✅ 通過,https://raw.githubusercontent.com/wenchiehlee/GoogleSearch/refs/heads/main/data/md/2308_%E5%8F%B0%E9%81%94%E9%9B%BB_factset_0f011a64.md,2026-02-06 18:52:09,2026-02-16 03:44:47
2308,台達電,2308-TW,2025-10-28,21,1130.0,25.72,17.68,22.41,23.15,40.45,22.27,30.80,30.29,71.72,26.72,42.01,38.93,,,,,558680300.00,499384000.00,531423510.00,527147890.00,738714750.00,555155000.00,644560290.00,649588690.00,992091000.00,682731000.00,791403640.00,763770630.00,,,,,9.5,🟢 優秀,✅ 通過,https://raw.githubusercontent.com/wenchiehlee/GoogleSearch/refs/heads/main/data/md/2308_%E5%8F%B0%E9%81%94%E9%9B%BB_factset_bbf51a11.md,2026-02-14 18:35:34,2026-02-16 03:44:47
2308,台達電,2308-TW,2025-10-14,21,1060.0,24.60,17.68,21.90,22.00,40.45,22.27,29.85,29.00,71.72,21.61,39.06,36.94,,,,,548070830.00,499384000.00,522503920.00,520742000.00,738700000.00,554086000.00,623158830.00,616979500.00,992091000.00,554085540.00,755287740.00,746035000.00,,,,,9.5,🟢 優秀,✅ 通過,https://raw.githubusercontent.com/wenchiehlee/GoogleSearch/refs/heads/main/data/md/2308_%E5%8F%B0%E9%81%94%E9%9B%BB_factset_487a80ad.md,2026-01-28 18:38:16,2026-02-16 03:44:47
2308,台達電,2308-TW,2025-10-14,21,1060.0,24.60,17.68,21.90,22.00,40.45,22.27,29.85,29.00,71.72,21.61,39.06,36.94,,,,,548070830.00,499384000.00,522503920.00,520742000.00,738700000.00,554086000.00,623158830.00,616979500.00,992091000.00,554085540.00,755287740.00,746035000.00,,,,,9.5,🟢 優秀,✅ 通過,https://raw.githubusercontent.com/wenchiehlee/GoogleSearch/refs/heads/main/data/md/2308_%E5%8F%B0%E9%81%94%E9%9B%BB_factset_3424ca8a.md,2026-01-29 18:46:12,2026-02-16 03:44:47
2308,台達電,2308-TW,2025-10-14,21,1060.0,24.60,17.68,21.90,22.00,40.45,22.27,29.85,29.00,71.72,21.61,39.06,36.94,,,,,548070830.00,499384000.00,522503920.00,520742000.00,738700000.00,554086000.00,623158830.00,616979500.00,992091000.00,554085540.00,755287740.00,746035000.00,,,,,9.5,🟢 優秀,✅ 通過,https://raw.githubusercontent.com/wenchiehlee/GoogleSearch/refs/heads/main/data/md/2308_%E5%8F%B0%E9%81%94%E9%9B%BB_factset_21e1b421.md,2026-01-10 18:29:31,2026-02-16 03:44:47
2308,台達電,2308-TW,2025-09-19,21,780.0,23.09,17.68,20.89,20.91,37.26,21.39,27.21,26.93,70.00,21.61,34.40,32.87,,,,,531434160.00,498749000.00,513576500.00,513100000.00,649918000.00,549168000.00,598187210.00,600041390.00,886480030.00,554085540.00,699396250.00,698935900.00,,,,,9.5,🟢 優秀,✅ 通過,https://raw.githubusercontent.com/wenchiehlee/GoogleSearch/refs/heads/main/data/md/2308_%E5%8F%B0%E9%81%94%E9%9B%BB_factset_4fe93799.md,2026-01-10 18:29:40,2026-02-16 03:44:47
2308,台達電,2308-TW,2025-08-01,21,580.0,20.85,17.00,19.13,19.60,29.54,19.49,23.39,23.27,39.96,21.61,29.07,28.85,,,,,521404990.00,483360000.00,505309350.00,506449000.00,607697480.00,548605000.00,574143530.00,575902110.00,707293080.00,554085540.00,652679500.00,664579900.00,,,,,9.7,🟢 優秀,✅ 通過,https://raw.githubusercontent.com/wenchiehlee/GoogleSearch/refs/heads/main/data/md/2308_%E5%8F%B0%E9%81%94%E9%9B%BB_factset_a00671bf.md,2026-02-12 19:03:11,2026-02-16 03:44:47
2308,台達電,2308-TW,2025-05-02,21,480.0,20.33,13.17,17.67,17.70,29.54,17.86,21.13,20.66,39.96,19.00,25.25,23.02,,,,,521404990.00,443857000.00,492216590.00,489492000.00,592139220.00,516430000.00,551705700.00,549811470.00,681335000.00,573213280.00,624199020.00,626063550.00,,,,,9.5,🟢 優秀,✅ 通過,https://raw.githubusercontent.com/wenchiehlee/GoogleSearch/refs/heads/main/data/md/2308_%E5%8F%B0%E9%81%94%E9%9B%BB_factset_f6e2327f.md,2026-02-12 19:03:14,2026-02-16 03:44:47
2317,鴻海,2317-TW,2025-11-13,23,300.0,15.43,13.00,14.26,14.34,19.78,15.00,17.07,16.76,22.92,16.07,19.69,19.26,,,,,8361860620.00,7683400000.00,7952956030.00,7882687000.00,11574239810.00,8610536000.00,9711643680.00,9599890500.00,13400997380.00,9374846000.00,11061531760.00,10672362020.00,,,,,9.7,🟢 優秀,✅ 通過,https://raw.githubusercontent.com/wenchiehlee/GoogleSearch/refs/heads/main/data/md/2317_%E9%B4%BB%E6%B5%B7_factset_dad678fd.md,2026-02-10 20:09:44,2026-02-16 03:44:47
2317,鴻海,2317-TW,2025-11-13,23,300.0,15.43,13.00,14.26,14.34,19.78,15.00,17.07,16.76,22.92,16.07,19.69,19.26,,,,,8361860620.00,7683400000.00,7952956030.00,7882687000.00,11574239810.00,8610536000.00,9711643680.00,9599890500.00,13400997380.00,9374846000.00,11061531760.00,10672362020.00,,,,,9.7,🟢 優秀,✅ 通過,https://raw.githubusercontent.com/wenchiehlee/GoogleSearch/refs/heads/main/data/md/2317_%E9%B4%BB%E6%B5%B7_factset_4a5b5399.md,2026-01-27 18:39:22,2026-02-16 03:44:47
2317,鴻海,2317-TW,2025-11-13,23,300.0,15.43,13.00,14.36,14.37,19.27,15.00,17.25,17.11,22.52,17.24,20.08,20.32,,,,,8297438730.00,7683400000.00,7942290520.00,7894202860.00,11224947000.00,8610536000.00,9688767690.00,9599890500.00,13373167620.00,9374846000.00,11166355950.00,11182470150.00,,,,,9.7,🟢 優秀,✅ 通過,https://raw.githubusercontent.com/wenchiehlee/GoogleSearch/refs/heads/main/data/md/2317_%E9%B4%BB%E6%B5%B7_factset_588279bc.md,2026-01-22 18:33:38,2026-02-16 03:44:47
2317,鴻海,2317-TW,2025-11-13,23,300.0,15.43,13.00,14.36,14.37,19.27,15.00,17.25,17.11,22.52,17.24,20.08,20.32,,,,,8297438730.00,7683400000.00,7942290520.00,7894202860.00,11224947000.00,8610536000.00,9688767690.00,9599890500.00,13373167620.00,9374846000.00,11166355950.00,11182470150.00,,,,,9.7,🟢 優秀,✅ 通過,https://raw.githubusercontent.com/wenchiehlee/GoogleSearch/refs/heads/main/data/md/2317_%E9%B4%BB%E6%B5%B7_factset_28a18d43.md,2026-02-14 18:35:59,2026-02-16 03:44:47
2317,鴻海,2317-TW,2025-10-08,23,245.0,15.43,12.96,13.94,13.97,19.78,15.00,16.22,16.00,22.92,15.73,18.43,18.06,,,,,8361860620.00,7683400000.00,7975199170.00,7921378000.00,11574239810.00,8417767000.00,9450690950.00,9416133500.00,13400997380.00,9306390000.00,10785649090.00,10525457040.00,,,,,9.7,🟢 優秀,✅ 通過,https://raw.githubusercontent.com/wenchiehlee/GoogleSearch/refs/heads/main/data/md/2317_%E9%B4%BB%E6%B5%B7_factset_95ae4e23.md,2026-02-07 18:36:24,2026-02-16 03:44:47
2317,鴻海,2317-TW,2025-08-18,22,235.0,15.11,11.63,13.74,13.92,19.31,13.62,15.99,16.00,21.35,15.73,18.10,17.97,,,,,8809827820.00,7559297000.00,7981220060.00,7921862790.00,11555238960.00,8417767000.00,9359629940.00,9141884280.00,12831464100.00,9306390000.00,10585505060.00,10278628360.00,,,,,9.7,🟢 優秀,✅ 通過,https://raw.githubusercontent.com/wenchiehlee/GoogleSearch/refs/heads/main/data/md/2317_%E9%B4%BB%E6%B5%B7_factset_33a87a34.md,2026-01-23 18:34:46,2026-02-16 03:44:47
2317,鴻海,2317-TW,2025-05-15,22,205.0,15.37,12.25,13.87,13.98,18.56,13.71,15.44,15.23,20.39,15.74,17.44,16.58,,,,,8804160490.00,7385361540.00,8050700860.00,7998699000.00,10500211000.00,8282318000.00,9136962930.00,8863806730.00,11880347320.00,9431568000.00,10190096520.00,10057041220.00,,,,,9.7,🟢 優秀,✅ 通過,https://raw.githubusercontent.com/wenchiehlee/GoogleSearch/refs/heads/main/data/md/2317_%E9%B4%BB%E6%B5%B7_factset_a07e6177.md,2026-01-08 18:29:21,2026-02-16 03:44:47
2317,鴻海,2317-TW,2025-04-07,21,225.0,15.28,12.55,14.17,14.14,18.56,14.36,16.22,16.08,19.30,17.07,18.18,18.18,,,,,8804160490.00,7803506000.00,8296190520.00,8332032450.00,10500211000.00,8417701000.00,9543624310.00,9625115030.00,10255969770.00,10045117790.00,10150543780.00,10150543780.00,,,,,9.7,🟢 優秀,✅ 通過,https://raw.githubusercontent.com/wenchiehlee/GoogleSearch/refs/heads/main/data/md/2317_%E9%B4%BB%E6%B5%B7_factset_f687a40d.md,2026-01-30 18:42:46,2026-02-16 03:44:47
2317,鴻海,2317-TW,2025-03-18,21,230.0,15.39,12.55,14.36,14.30,18.56,14.36,16.52,16.84,20.52,17.07,18.79,18.79,,,,,8846119430.00,7803506000.00,8349955810.00,8332032450.00,10500211000.00,8417701000.00,9489833430.00,9520563020.00,10443819120.00,10255969770.00,10349894440.00,10349894440.00,,,,,9.7,🟢 優秀,✅ 通過,https://raw.githubusercontent.com/wenchiehlee/GoogleSearch/refs/heads/main/data/md/2317_%E9%B4%BB%E6%B5%B7_factset_8de67e29.md,2026-02-15 18:37:14,2026-02-16 03:44:47
2324,仁寶,2324-TW,2025-04-07,7,40.0,3.06,2.53,2.76,2.78,3.17,2.74,2.95,2.94,3.33,3.33,3.33,3.33,,,,,1037727000.00,910253000.00,964675540.00,958210960.00,1032301000.00,965632130.00,1004597160.00,1010227750.00,980525070.00,980525070.00,980525070.00,980525070.00,,,,,8.2,🟡 良好,✅ 通過,https://raw.githubusercontent.com/wenchiehlee/GoogleSearch/refs/heads/main/data/md/2324_%E4%BB%81%E5%AF%B6_factset_dc0c98ac.md,2025-12-31 10:18:51,2026-02-16 03:44:47
2330,台積電,2330-TW,2026-01-16,45,2150.0,,,,,96.97,72.73,84.98,88.02,120.21,81.90,103.50,105.30,153.51,104.69,121.94,119.32,,,,,5210970770.00,4365760720.00,4858389040.00,4906653500.00,6590186730.00,5046575280.00,5943460580.00,6024920000.00,8417327710.00,5874595500.00,6962735630.00,6960465000.00,10.0,🟢 優秀,✅ 通過,https://raw.githubusercontent.com/wenchiehlee/GoogleSearch/refs/heads/main/data/md/2330_%E5%8F%B0%E7%A9%8D%E9%9B%BB_factset_6ad8fa9c.md,2026-02-09 19:18:39,2026-02-16 03:44:47
2330,台積電,2330-TW,2026-01-16,45,2150.0,,,,,96.97,72.73,84.98,88.02,120.21,81.90,103.50,105.30,153.51,104.69,121.94,119.32,,,,,5210970770.00,4365760720.00,4858389040.00,4906653500.00,6590186730.00,5046575280.00,5943460580.00,6024920000.00,8417327710.00,5874595500.00,6962735630.00,6960465000.00,10.0,🟢 優秀,✅ 通過,https://raw.githubusercontent.com/wenchiehlee/GoogleSearch/refs/heads/main/data/md/2330_%E5%8F%B0%E7%A9%8D%E9%9B%BB_factset_53bf8f6b.md,2026-01-19 18:35:13,2026-02-16 03:44:47
2330,台積電,2330-TW,2026-01-16,45,2020.0,,,,,96.97,72.73,83.22,82.50,120.21,81.90,101.90,101.72,123.10,104.69,115.63,118.87,,,,,5210970770.00,4365760720.00,4818657890.00,4843646650.00,6590186730.00,5046575280.00,5900433410.00,5943988000.00,6997726120.00,5874595500.00,6599087610.00,6762014410.00,10.0,🟢 優秀,✅ 通過,https://raw.githubusercontent.com/wenchiehlee/GoogleSearch/refs/heads/main/data/md/2330_%E5%8F%B0%E7%A9%8D%E9%9B%BB_factset_43c385e1.md,2026-01-18 18:30:02,2026-02-16 03:44:47
2330,台積電,2330-TW,2026-01-16,45,2150.0,,,,,96.97,72.73,84.98,88.02,120.21,81.90,103.50,105.30,153.51,104.69,121.94,119.32,,,,,5210970770.00,4365760720.00,4858389040.00,4906653500.00,6590186730.00,5046575280.00,5943460580.00,6024920000.00,8417327710.00,5874595500.00,6962735630.00,6960465000.00,10.0,🟢 優秀,✅ 通過,https://raw.githubusercontent.com/wenchiehlee/GoogleSearch/refs/heads/main/data/md/2330_%E5%8F%B0%E7%A9%8D%E9%9B%BB_factset_42d676a7.md,2026-01-27 18:41:34,2026-02-16 03:44:47
2330,台積電,2330-TW,2026-01-16,45,2020.0,,,,,96.97,72.73,83.22,82.50,120.21,81.90,101.90,101.72,123.10,104.69,115.63,118.87,,,,,5210970770.00,4365760720.00,4818657890.00,4843646650.00,6590186730.00,5046575280.00,5900433410.00,5943988000.00,6997726120.00,5874595500.00,6599087610.00,6762014410.00,10.0,🟢 優秀,✅ 通過,https://raw.githubusercontent.com/wenchiehlee/GoogleSearch/refs/heads/main/data/md/2330_%E5%8F%B0%E7%A9%8D%E9%9B%BB_factset_03a614d1.md,2026-01-26 18:39:53,2026-02-16 03:44:47
2330,台積電,2330-TW,2025-10-17,43,1646.0,65.70,56.00,61.62,61.26,85.20,65.40,73.40,72.64,106.60,69.28,89.59,88.46,103.67,97.39,100.53,100.53,3869518000.00,3361010870.00,3725377340.00,3740712340.00,4978000000.00,3997456000.00,4477999880.00,4465188500.00,6077000000.00,4439421000.00,5420131240.00,5376615000.00,6087495840.00,5817024160.00,5952260000.00,5952260000.00,10.0,🟢 優秀,✅ 通過,https://raw.githubusercontent.com/wenchiehlee/GoogleSearch/refs/heads/main/data/md/2330_%E5%8F%B0%E7%A9%8D%E9%9B%BB_factset_a82a2607.md,2026-01-10 18:34:15,2026-02-16 03:44:47
2330,台積電,2330-TW,2025-10-17,43,1646.0,65.70,56.00,61.62,61.26,85.20,65.40,73.40,72.64,106.60,69.28,89.59,88.46,103.67,97.39,100.53,100.53,3869518000.00,3361010870.00,3725377340.00,3740712340.00,4978000000.00,3997456000.00,4477999880.00,4465188500.00,6077000000.00,4439421000.00,5420131240.00,5376615000.00,6087495840.00,5817024160.00,5952260000.00,5952260000.00,10.0,🟢 優秀,✅ 通過,https://raw.githubusercontent.com/wenchiehlee/GoogleSearch/refs/heads/main/data/md/2330_%E5%8F%B0%E7%A9%8D%E9%9B%BB_factset_842fc053.md,2026-01-27 18:42:00,2026-02-16 03:44:47
2330,台積電,2330-TW,2025-01-17,42,1394.0,65.90,51.84,59.53,59.66,79.90,64.20,71.08,70.86,82.64,75.35,79.33,80.01,81.17,81.17,81.17,81.17,3926432600.00,3344960000.00,3677766200.00,3682758000.00,4861952930.00,4070700000.00,4357520030.00,4323129000.00,5183464710.00,5003585000.00,5093524850.00,5093524850.00,,,,,10.0,🟢 優秀,✅ 通過,https://raw.githubusercontent.com/wenchiehlee/GoogleSearch/refs/heads/main/data/md/2330_%E5%8F%B0%E7%A9%8D%E9%9B%BB_factset_ec2f8d59.md,2026-01-15 18:38:59,2026-02-16 03:44:47
2330,台積電,2330-TW,2025-01-17,42,1394.0,65.90,51.84,59.53,59.66,79.90,64.20,71.08,70.86,82.64,75.35,79.33,80.01,81.17,81.17,81.17,81.17,3926432600.00,3344960000.00,3677766200.00,3682758000.00,4861952930.00,4070700000.00,4357520030.00,4323129000.00,5183464710.00,5003585000.00,5093524850.00,5093524850.00,,,,,10.0,🟢 優秀,✅ 通過,https://raw.githubusercontent.com/wenchiehlee/GoogleSearch/refs/heads/main/data/md/2330_%E5%8F%B0%E7%A9%8D%E9%9B%BB_factset_5e1ea63c.md,2026-01-10 18:34:24,2026-02-16 03:44:47
2330,台積電,2330-TW,2025-01-17,42,1394.0,65.90,51.84,59.53,59.66,79.90,64.20,71.08,70.86,82.64,75.35,79.33,80.01,81.17,81.17,81.17,81.17,3926432600.00,3344960000.00,3677766200.00,3682758000.00,4861952930.00,4070700000.00,4357520030.00,4323129000.00,5183464710.00,5003585000.00,5093524850.00,5093524850.00,,,,,10.0,🟢 優秀,✅ 通過,https://raw.githubusercontent.com/wenchiehlee/GoogleSearch/refs/heads/main/data/md/2330_%E5%8F%B0%E7%A9%8D%E9%9B%BB_factset_4270e85a.md,2026-01-13 18:35:02,2026-02-16 03:44:47
2356,英業達,2356-TW,2025-12-15,8,46.25,2.53,2.24,2.39,2.38,3.48,2.31,2.81,2.80,3.50,2.60,2.95,2.93,,,,,686459400.00,676613000.00,681195300.00,680326490.00,779449000.00,719956780.00,750474800.00,758016000.00,808852040.00,766749760.00,793921070.00,804782570.00,,,,,8.2,🟡 良好,✅ 通過,https://raw.githubusercontent.com/wenchiehlee/GoogleSearch/refs/heads/main/data/md/2356_%E8%8B%B1%E6%A5%AD%E9%81%94_factset_97066b7c.md,2025-12-29 18:49:11,2026-02-16 03:44:47
2356,英業達,2356-TW,2025-12-11,7,46.25,2.53,2.24,2.39,2.34,3.48,2.31,2.82,2.91,3.50,2.60,2.96,2.86,,,,,686459400.00,676613000.00,680320680.00,680321740.00,779449000.00,719956780.00,749217930.00,752815230.00,808852040.00,766749760.00,790421340.00,793041780.00,,,,,8.2,🟡 良好,✅ 通過,https://raw.githubusercontent.com/wenchiehlee/GoogleSearch/refs/heads/main/data/md/2356_%E8%8B%B1%E6%A5%AD%E9%81%94_factset_817acfdb.md,2025-12-28 18:47:45,2026-02-16 03:44:47
2356,英業達,2356-TW,2025-07-22,11,45.0,2.94,2.02,2.42,2.46,3.34,2.26,2.80,2.84,3.76,2.64,3.37,3.53,,,,,699602530.00,651003000.00,672162140.00,671504000.00,778193460.00,639246850.00,716104100.00,711339000.00,832714800.00,712267470.00,762621040.00,752750940.00,,,,,8.9,🟡 良好,✅ 通過,https://raw.githubusercontent.com/wenchiehlee/GoogleSearch/refs/heads/main/data/md/2356_%E8%8B%B1%E6%A5%AD%E9%81%94_factset_577c9abf.md,2025-12-31 18:48:19,2026-02-16 03:44:47
2357,華碩,2357-TW,2025-12-29,16,735.0,56.56,51.09,53.93,54.36,60.02,44.31,52.35,53.09,64.96,48.59,56.81,58.56,,,,,720032000.00,712407000.00,716475560.00,716734000.00,811570790.00,699148000.00,777824110.00,786176000.00,895487430.00,731987000.00,841212610.00,851581000.00,,,,,9.4,🟢 優秀,✅ 通過,https://raw.githubusercontent.com/wenchiehlee/GoogleSearch/refs/heads/main/data/md/2357_%E8%8F%AF%E7%A2%A9_factset_f97b871b.md,2025-12-31 18:48:21,2026-02-16 03:44:47
2357,華碩,2357-TW,2025-12-23,16,735.0,57.20,51.09,54.16,54.73,57.98,44.31,52.20,53.09,64.96,48.59,56.81,58.56,,,,,720032000.00,712407000.00,716475560.00,716734000.00,811570790.00,699148000.00,777824110.00,786176000.00,895487430.00,731987000.00,841212610.00,851581000.00,,,,,9.4,🟢 優秀,✅ 通過,https://raw.githubusercontent.com/wenchiehlee/GoogleSearch/refs/heads/main/data/md/2357_%E8%8F%AF%E7%A2%A9_factset_ee742fad.md,2025-12-31 18:48:21,2026-02-16 03:44:47
2357,華碩,2357-TW,2025-12-23,16,735.0,57.20,51.09,54.16,54.73,57.98,44.31,52.20,53.09,64.96,48.59,56.81,58.56,,,,,720032000.00,712407000.00,716475560.00,716734000.00,811570790.00,699148000.00,777824110.00,786176000.00,895487430.00,731987000.00,841212610.00,851581000.00,,,,,9.4,🟢 優秀,✅ 通過,https://raw.githubusercontent.com/wenchiehlee/GoogleSearch/refs/heads/main/data/md/2357_%E8%8F%AF%E7%A2%A9_factset_4f7a6a98.md,2025-12-29 23:28:15,2026-02-16 03:44:47
2357,華碩,2357-TW,2025-11-12,17,735.0,58.76,49.00,53.69,54.31,58.80,45.43,52.85,53.17,66.47,49.74,58.01,58.31,,,,,720342820.00,702066000.00,710091300.00,709469500.00,823935000.00,699148000.00,769743670.00,775990000.00,895487430.00,731987000.00,841882240.00,858341870.00,,,,,9.4,🟢 優秀,✅ 通過,https://raw.githubusercontent.com/wenchiehlee/GoogleSearch/refs/heads/main/data/md/2357_%E8%8F%AF%E7%A2%A9_factset_88811b3b.md,2025-12-29 23:28:14,2026-02-16 03:44:47
2357,華碩,2357-TW,2025-08-25,16,720.0,56.49,48.88,52.65,52.43,58.00,45.17,52.77,53.20,65.21,51.17,57.51,57.26,,,,,730872470.00,647015000.00,696390340.00,704271000.00,802615550.00,640678000.00,756184000.00,770691900.00,874158250.00,647941000.00,806823990.00,836767270.00,,,,,9.4,🟢 優秀,✅ 通過,https://raw.githubusercontent.com/wenchiehlee/GoogleSearch/refs/heads/main/data/md/2357_%E8%8F%AF%E7%A2%A9_factset_677cedb1.md,2025-12-29 18:49:15,2026-02-16 03:44:47
2376,技嘉,2376-TW,2025-09-24,12,350.0,23.25,17.81,20.29,20.32,26.59,21.41,24.10,23.52,31.24,24.86,27.70,27.35,,,,,382748000.00,341565760.00,363261530.00,365150740.00,474364000.00,381246000.00,431838640.00,421173500.00,555240880.00,425131000.00,477648020.00,465110110.00,,,,,8.9,🟡 良好,✅ 通過,https://raw.githubusercontent.com/wenchiehlee/GoogleSearch/refs/heads/main/data/md/2376_%E6%8A%80%E5%98%89_factset_d3b57999.md,2025-12-31 18:48:24,2026-02-16 03:44:47
2382,廣達,2382-TW,2025-11-13,20,352.5,19.50,16.53,17.90,17.87,22.96,19.00,21.04,21.35,28.54,22.48,25.05,24.81,,,,,2294010120.00,2015892000.00,2109406520.00,2086683500.00,3096903370.00,2465604000.00,2851526670.00,2854516000.00,3691426000.00,3122426970.00,3366192450.00,3332730910.00,,,,,9.7,🟢 優秀,✅ 通過,https://raw.githubusercontent.com/wenchiehlee/GoogleSearch/refs/heads/main/data/md/2382_%E5%BB%A3%E9%81%94_factset_eafd4add.md,2026-02-05 19:07:43,2026-02-16 03:44:47
2382,廣達,2382-TW,2025-11-13,20,352.5,19.50,16.53,17.90,17.87,22.96,19.00,21.04,21.35,28.54,22.48,25.05,24.81,,,,,2294010120.00,2015892000.00,2109406520.00,2086683500.00,3096903370.00,2465604000.00,2851526670.00,2854516000.00,3691426000.00,3122426970.00,3366192450.00,3332730910.00,,,,,9.7,🟢 優秀,✅ 通過,https://raw.githubusercontent.com/wenchiehlee/GoogleSearch/refs/heads/main/data/md/2382_%E5%BB%A3%E9%81%94_factset_25252d2e.md,2026-01-10 18:54:15,2026-02-16 03:44:47
2382,廣達,2382-TW,2025-10-30,21,350.0,19.50,16.23,17.80,17.61,22.19,18.27,20.64,20.97,27.54,22.48,24.28,23.99,,,,,2294010120.00,2001211000.00,2134258180.00,2112703660.00,3082714190.00,2465604000.00,2789689140.00,2751541000.00,3562408840.00,2977727790.00,3186903820.00,3157556000.00,,,,,9.7,🟢 優秀,✅ 通過,https://raw.githubusercontent.com/wenchiehlee/GoogleSearch/refs/heads/main/data/md/2382_%E5%BB%A3%E9%81%94_factset_32135f9a.md,2026-02-15 18:54:48,2026-02-16 03:44:47
2382,廣達,2382-TW,2025-10-30,21,350.0,19.50,16.23,17.80,17.61,22.19,18.27,20.64,20.97,27.54,22.48,24.28,23.99,,,,,2294010120.00,2001211000.00,2134258180.00,2112703660.00,3082714190.00,2465604000.00,2789689140.00,2751541000.00,3562408840.00,2977727790.00,3186903820.00,3157556000.00,,,,,9.7,🟢 優秀,✅ 通過,https://raw.githubusercontent.com/wenchiehlee/GoogleSearch/refs/heads/main/data/md/2382_%E5%BB%A3%E9%81%94_factset_109ebeea.md,2026-01-24 06:19:56,2026-02-16 03:44:47
2382,廣達,2382-TW,2025-10-23,22,350.0,19.50,16.23,17.87,17.90,22.19,18.27,20.60,20.80,27.54,22.48,24.28,23.99,,,,,2294010120.00,2001211000.00,2139667310.00,2123882000.00,3082714190.00,2465604000.00,2791034770.00,2776335500.00,3562408840.00,2977727790.00,3188174570.00,3157556000.00,,,,,9.7,🟢 優秀,✅ 通過,https://raw.githubusercontent.com/wenchiehlee/GoogleSearch/refs/heads/main/data/md/2382_%E5%BB%A3%E9%81%94_factset_9acca06a.md,2026-01-05 23:27:44,2026-02-16 03:44:47
2382,廣達,2382-TW,2025-08-13,23,336.0,20.40,16.47,18.41,18.58,26.50,19.41,21.60,21.40,29.91,22.62,24.54,23.99,,,,,2622441000.00,2001211430.00,2235799670.00,2237264980.00,3555276420.00,2551226000.00,2898673210.00,2819472500.00,3999723700.00,2977727790.00,3219064390.00,3108149910.00,,,,,9.7,🟢 優秀,✅ 通過,https://raw.githubusercontent.com/wenchiehlee/GoogleSearch/refs/heads/main/data/md/2382_%E5%BB%A3%E9%81%94_factset_9ba3bfe3.md,2026-02-15 18:54:54,2026-02-16 03:44:47
2382,廣達,2382-TW,2025-05-19,23,335.0,24.30,15.95,18.62,18.95,27.72,19.47,21.80,21.65,26.51,22.00,23.98,23.60,,,,,2517041000.00,1829283700.00,2242373610.00,2269737500.00,3277080730.00,2396252000.00,2842506110.00,2806928000.00,3589500690.00,2767859000.00,3076409330.00,3011170180.00,,,,,9.7,🟢 優秀,✅ 通過,https://raw.githubusercontent.com/wenchiehlee/GoogleSearch/refs/heads/main/data/md/2382_%E5%BB%A3%E9%81%94_factset_120da5da.md,2026-01-05 23:26:51,2026-02-16 03:44:47
2382,廣達,2382-TW,2025-05-15,22,339.0,24.30,15.95,18.52,18.40,27.72,19.47,21.88,21.74,26.51,22.00,23.96,23.55,,,,,2772663000.00,1814050240.00,2274528600.00,2260835620.00,3277080730.00,2396252000.00,2835293210.00,2773632640.00,3589500690.00,2767859000.00,3077020120.00,3013613340.00,,,,,9.7,🟢 優秀,✅ 通過,https://raw.githubusercontent.com/wenchiehlee/GoogleSearch/refs/heads/main/data/md/2382_%E5%BB%A3%E9%81%94_factset_0a007689.md,2026-01-27 18:55:16,2026-02-16 03:44:47
2382,廣達,2382-TW,2025-03-11,21,350.0,24.30,15.48,18.48,18.30,27.72,18.51,22.08,22.29,26.38,23.56,24.97,24.97,,,,,2772663000.00,1960753000.00,2269378020.00,2205816000.00,3277080730.00,2247029000.00,2873579230.00,2882588000.00,3589500690.00,3059941490.00,3324721090.00,3324721090.00,,,,,9.7,🟢 優秀,✅ 通過,https://raw.githubusercontent.com/wenchiehlee/GoogleSearch/refs/heads/main/data/md/2382_%E5%BB%A3%E9%81%94_factset_14fedf4e.md,2026-01-05 23:27:16,2026-02-16 03:44:47
2382,廣達,2382-TW,2025-02-28,20,360.0,24.30,15.48,18.78,18.87,27.72,18.51,22.23,22.62,26.38,23.56,24.97,24.97,,,,,2931710000.00,1960753000.00,2273479390.00,2196181330.00,3365824000.00,2247029000.00,2884880840.00,2895525050.00,3589500690.00,3059941490.00,3324721090.00,3324721090.00,,,,,9.7,🟢 優秀,✅ 通過,https://raw.githubusercontent.com/wenchiehlee/GoogleSearch/refs/heads/main/data/md/2382_%E5%BB%A3%E9%81%94_factset_eb37a976.md,2026-01-04 10:28:54,2026-02-16 03:44:47
2395,研華,2395-TW,2025-10-09,17,372.5,13.47,10.54,11.56,11.56,15.96,11.96,13.71,13.64,19.05,13.74,15.92,15.62,,,,,72629960.00,68419000.00,70437280.00,70545710.00,80754330.00,69309850.00,76460810.00,77210470.00,90322680.00,75743630.00,84892330.00,85200360.00,,,,,9.4,🟢 優秀,✅ 通過,https://raw.githubusercontent.com/wenchiehlee/GoogleSearch/refs/heads/main/data/md/2395_%E7%A0%94%E8%8F%AF_factset_98b1088e.md,2025-12-31 18:48:37,2026-02-16 03:44:47
2454,聯發科,2454-TW,2025-11-01,26,1600.0,71.52,63.13,66.65,66.78,85.46,65.28,75.01,74.41,112.63,76.56,88.73,89.01,,,,,595604970.00,572263270.00,585019830.00,583644000.00,758738000.00,592700000.00,652903220.00,646149000.00,946584380.00,685309000.00,783840000.00,768373340.00,,,,,9.7,🟢 優秀,✅ 通過,https://raw.githubusercontent.com/wenchiehlee/GoogleSearch/refs/heads/main/data/md/2454_%E8%81%AF%E7%99%BC%E7%A7%91_factset_8098a512.md,2026-01-10 19:00:53,2026-02-16 03:44:47
2454,聯發科,2454-TW,2025-11-01,26,1600.0,71.52,63.13,66.65,66.78,85.46,65.28,75.01,74.41,112.63,76.56,88.73,89.01,,,,,595604970.00,572263270.00,585019830.00,583644000.00,758738000.00,592700000.00,652903220.00,646149000.00,946584380.00,685309000.00,783840000.00,768373340.00,,,,,9.7,🟢 優秀,✅ 通過,https://raw.githubusercontent.com/wenchiehlee/GoogleSearch/refs/heads/main/data/md/2454_%E8%81%AF%E7%99%BC%E7%A7%91_factset_6122fef4.md,2026-01-27 19:07:09,2026-02-16 03:44:47
2454,聯發科,2454-TW,2025-11-01,26,1600.0,71.52,63.13,66.65,66.78,85.46,65.28,75.01,74.41,112.63,76.56,88.73,89.01,,,,,595604970.00,572263270.00,585019830.00,583644000.00,758738000.00,592700000.00,652903220.00,646149000.00,946584380.00,685309000.00,783840000.00,768373340.00,,,,,9.7,🟢 優秀,✅ 通過,https://raw.githubusercontent.com/wenchiehlee/GoogleSearch/refs/heads/main/data/md/2454_%E8%81%AF%E7%99%BC%E7%A7%91_factset_a6c9ff9d.md,2026-01-15 18:54:53,2026-02-16 03:44:47
2454,聯發科,2454-TW,2025-10-29,22,167.5,5.33,2.09,3.69,3.48,13.77,6.14,8.71,8.48,19.69,8.10,11.88,11.89,,,,,135967000.00,129030000.00,132292530.00,132149500.00,171573480.00,141430870.00,155742440.00,156395000.00,209583780.00,149447650.00,176293280.00,173158250.00,,,,,9.0,🟢 優秀,✅ 通過,https://raw.githubusercontent.com/wenchiehlee/GoogleSearch/refs/heads/main/data/md/2454_%E8%81%AF%E7%99%BC%E7%A7%91_factset_c30625ab.md,2025-12-31 19:29:47,2026-02-16 03:44:47
2454,聯發科,2454-TW,2025-08-18,26,1650.0,71.52,63.26,66.78,66.27,95.71,70.01,78.79,77.83,133.88,84.32,97.84,93.71,,,,,592425720.00,572263270.00,580598030.00,580320000.00,758738000.00,604640530.00,659820350.00,655959940.00,938306970.00,725082000.00,804566140.00,787613560.00,,,,,9.7,🟢 優秀,✅ 通過,https://raw.githubusercontent.com/wenchiehlee/GoogleSearch/refs/heads/main/data/md/2454_%E8%81%AF%E7%99%BC%E7%A7%91_factset_ba8cb1ec.md,2025-12-27 18:49:02,2026-02-16 03:44:47
2454,聯發科,2454-TW,2025-08-18,26,1650.0,71.52,63.26,66.78,66.27,95.71,70.01,78.79,77.83,133.88,84.32,97.84,93.71,,,,,592425720.00,572263270.00,580598030.00,580320000.00,758738000.00,604640530.00,659820350.00,655959940.00,938306970.00,725082000.00,804566140.00,787613560.00,,,,,9.7,🟢 優秀,✅ 通過,https://raw.githubusercontent.com/wenchiehlee/GoogleSearch/refs/heads/main/data/md/2454_%E8%81%AF%E7%99%BC%E7%A7%91_factset_a655dd4c.md,2026-02-15 18:59:55,2026-02-16 03:44:47
2454,聯發科,2454-TW,2025-08-04,27,1655.0,75.10,63.26,67.73,66.84,95.71,70.01,79.36,78.96,133.88,84.32,97.84,93.71,,,,,620111000.00,572263270.00,583920650.00,580444750.00,758738000.00,604640530.00,663591340.00,657116590.00,938306970.00,725082000.00,804566140.00,787613560.00,,,,,9.7,🟢 優秀,✅ 通過,https://raw.githubusercontent.com/wenchiehlee/GoogleSearch/refs/heads/main/data/md/2454_%E8%81%AF%E7%99%BC%E7%A7%91_factset_8797d9ed.md,2026-02-09 19:36:52,2026-02-16 03:44:47
2454,聯發科,2454-TW,2025-08-04,27,1655.0,75.10,63.26,67.73,66.84,95.71,70.01,79.36,78.96,133.88,84.32,97.84,93.71,,,,,620111000.00,572263270.00,583920650.00,580444750.00,758738000.00,604640530.00,663591340.00,657116590.00,938306970.00,725082000.00,804566140.00,787613560.00,,,,,9.7,🟢 優秀,✅ 通過,https://raw.githubusercontent.com/wenchiehlee/GoogleSearch/refs/heads/main/data/md/2454_%E8%81%AF%E7%99%BC%E7%A7%91_factset_4fa66cea.md,2026-01-27 19:07:04,2026-02-16 03:44:47
2454,聯發科,2454-TW,2025-07-30,27,1668.0,77.73,64.35,70.23,70.54,97.78,65.35,82.16,82.70,133.74,81.22,100.54,96.62,,,,,624650000.00,568193070.00,595265820.00,588852810.00,731701260.00,595634400.00,672749490.00,674600030.00,887838890.00,711092000.00,807524520.00,800981670.00,,,,,9.7,🟢 優秀,✅ 通過,https://raw.githubusercontent.com/wenchiehlee/GoogleSearch/refs/heads/main/data/md/2454_%E8%81%AF%E7%99%BC%E7%A7%91_factset_b8eee1b6.md,2026-01-24 00:20:53,2026-02-16 03:44:47
2454,聯發科,2454-TW,2025-07-25,27,1668.0,77.73,64.35,70.43,70.58,98.23,65.35,82.51,83.40,133.68,81.22,100.49,96.62,,,,,624650000.00,568193070.00,595804760.00,599384000.00,731701260.00,595634400.00,674514280.00,671116810.00,887838890.00,711092000.00,806553610.00,800981670.00,,,,,9.7,🟢 優秀,✅ 通過,https://raw.githubusercontent.com/wenchiehlee/GoogleSearch/refs/heads/main/data/md/2454_%E8%81%AF%E7%99%BC%E7%A7%91_factset_3e513a66.md,2025-12-31 19:30:09,2026-02-16 03:44:47
2454,聯發科,2454-TW,2025-05-17,28,1722.0,81.31,67.33,73.34,73.68,111.92,71.17,87.30,86.30,138.51,87.17,104.47,107.07,,,,,642307140.00,570312000.00,613969620.00,617346210.00,791106910.00,642009000.00,715867300.00,723052390.00,999828910.00,739788000.00,842777470.00,834196360.00,,,,,9.7,🟢 優秀,✅ 通過,https://raw.githubusercontent.com/wenchiehlee/GoogleSearch/refs/heads/main/data/md/2454_%E8%81%AF%E7%99%BC%E7%A7%91_factset_08494435.md,2026-01-08 18:51:15,2026-02-16 03:44:47
2458,義隆,2458-TW,2025-12-22,8,136.0,9.01,7.00,7.73,7.71,11.77,8.31,9.39,9.06,9.69,8.91,9.30,9.30,,,,,12460000.00,12327000.00,12377490.00,12356000.00,13398000.00,12920000.00,13123590.00,13098760.00,14284000.00,13976110.00,14130060.00,14130060.00,,,,,8.2,🟡 良好,✅ 通過,https://raw.githubusercontent.com/wenchiehlee/GoogleSearch/refs/heads/main/data/md/2458_%E7%BE%A9%E9%9A%86_factset_b1d77ddb.md,2025-12-31 10:23:35,2026-02-16 03:44:47
2603,長榮,2603-TW,2025-08-05,10,240.0,40.00,25.88,31.91,31.07,32.25,,20.17,24.08,30.04,10.04,19.33,17.91,,,,,412558190.00,363826270.00,386636320.00,385907020.00,399046930.00,307625490.00,353636640.00,351032000.00,385258390.00,329608480.00,365572290.00,381850000.00,,,,,8.1,🟡 良好,✅ 通過,https://raw.githubusercontent.com/wenchiehlee/GoogleSearch/refs/heads/main/data/md/2603_%E9%95%B7%E6%A6%AE_factset_a57a7788.md,2025-12-31 18:48:21,2026-02-16 03:44:47
2882,國泰金,2882-TW,2026-01-15,11,71.0,7.25,5.01,6.35,6.27,7.28,5.69,6.52,6.32,8.36,6.31,7.06,6.94,,,,,476117000.00,315088000.00,367793510.00,352196000.00,523729000.00,350674000.00,413481460.00,390064000.00,576102000.00,391127000.00,457915490.00,432216490.00,,,,,8.9,🟡 良好,✅ 通過,https://raw.githubusercontent.com/wenchiehlee/GoogleSearch/refs/heads/main/data/md/2882_%E5%9C%8B%E6%B3%B0%E9%87%91_factset_ae80173a.md,2026-01-24 00:26:18,2026-02-16 03:44:47
3034,聯詠,3034-TW,2025-10-13,19,459.0,31.33,24.97,27.02,26.77,37.87,27.31,31.08,30.79,39.86,31.26,34.64,34.57,,,,,105427870.00,99460000.00,101852960.00,101747340.00,114929650.00,100207000.00,106758520.00,106172500.00,132698000.00,106638660.00,116425240.00,116388590.00,,,,,9.4,🟢 優秀,✅ 通過,https://raw.githubusercontent.com/wenchiehlee/GoogleSearch/refs/heads/main/data/md/3034_%E8%81%AF%E8%A9%A0_factset_b9f613a1.md,2026-01-01 10:42:09,2026-02-16 03:44:47
3034,聯詠,3034-TW,2025-08-06,21,520.0,38.18,27.41,33.30,33.23,45.30,31.05,36.87,36.00,49.47,34.17,39.14,37.34,,,,,116266000.00,101992030.00,109302850.00,108352000.00,134377000.00,103391000.00,116293870.00,114642500.00,146486550.00,109487570.00,123511390.00,118600350.00,,,,,9.7,🟢 優秀,✅ 通過,https://raw.githubusercontent.com/wenchiehlee/GoogleSearch/refs/heads/main/data/md/3034_%E8%81%AF%E8%A9%A0_factset_a246364d.md,2026-02-12 19:31:26,2026-02-16 03:44:47
3034,聯詠,3034-TW,2025-08-06,21,520.0,38.18,27.41,33.30,33.23,45.30,31.05,36.87,36.00,49.47,34.17,39.14,37.34,,,,,116266000.00,101992030.00,109302850.00,108352000.00,134377000.00,103391000.00,116293870.00,114642500.00,146486550.00,109487570.00,123511390.00,118600350.00,,,,,9.7,🟢 優秀,✅ 通過,https://raw.githubusercontent.com/wenchiehlee/GoogleSearch/refs/heads/main/data/md/3034_%E8%81%AF%E8%A9%A0_factset_9b66b2ba.md,2026-01-10 19:06:54,2026-02-16 03:44:47
3034,聯詠,3034-TW,2025-05-13,21,527.5,38.18,30.75,34.71,34.68,45.30,33.30,38.52,37.71,49.47,34.77,40.90,40.01,,,,,118413510.00,106160000.00,111450250.00,111186000.00,134377000.00,111521420.00,119764960.00,117078970.00,146486550.00,116031000.00,127699330.00,128117000.00,,,,,9.7,🟢 優秀,✅ 通過,https://raw.githubusercontent.com/wenchiehlee/GoogleSearch/refs/heads/main/data/md/3034_%E8%81%AF%E8%A9%A0_factset_ef5a3a3f.md,2026-02-15 19:04:44,2026-02-16 03:44:47
3035,智原,3035-TW,2025-08-14,13,177.5,4.05,1.23,2.70,2.57,10.10,1.26,6.55,7.21,13.57,11.00,12.71,13.55,14.93,14.93,14.93,14.93,20015780.00,17640000.00,18941700.00,18900000.00,21378000.00,14777000.00,17278140.00,16361000.00,25017000.00,18517000.00,21459910.00,20845730.00,29451000.00,29451000.00,29451000.00,29451000.00,8.9,🟡 良好,✅ 通過,https://raw.githubusercontent.com/wenchiehlee/GoogleSearch/refs/heads/main/data/md/3035_%E6%99%BA%E5%8E%9F_factset_fd9e893b.md,2025-12-31 18:48:40,2026-02-16 03:44:47
3231,緯創,3231-TW,2025-11-03,15,165.0,10.25,6.92,8.80,8.84,14.00,9.13,11.47,11.30,17.27,10.52,13.93,14.20,,,,,2105896000.00,1654225800.00,2004287080.00,2024310620.00,3091218000.00,1882321190.00,2483260000.00,2454272000.00,3922566000.00,2085502040.00,2907179270.00,2763815000.00,,,,,9.4,🟢 優秀,✅ 通過,https://raw.githubusercontent.com/wenchiehlee/GoogleSearch/refs/heads/main/data/md/3231_%E7%B7%AF%E5%89%B5_factset_2afaf995.md,2026-01-08 02:30:27,2026-02-16 03:44:47
3231,緯創,3231-TW,2025-10-22,16,165.0,10.25,6.92,8.84,8.93,14.00,9.13,11.45,11.28,17.27,10.52,13.90,14.20,,,,,2105896000.00,1654225800.00,1996401090.00,2024215240.00,3091218000.00,1882321190.00,2466539200.00,2432549000.00,3922566000.00,2085502040.00,2881958730.00,2763815000.00,,,,,9.4,🟢 優秀,✅ 通過,https://raw.githubusercontent.com/wenchiehlee/GoogleSearch/refs/heads/main/data/md/3231_%E7%B7%AF%E5%89%B5_factset_642ea0b5.md,2026-01-08 02:30:26,2026-02-16 03:44:47
3231,緯創,3231-TW,2025-10-17,14,165.0,10.25,6.92,8.80,8.78,14.00,9.13,11.38,11.28,17.27,10.52,13.82,14.20,,,,,2095512000.00,1654225800.00,1974338210.00,2004785000.00,3055610000.00,1882321190.00,2443912030.00,2432549000.00,3830443000.00,2085502040.00,2841052870.00,2763815000.00,,,,,8.9,🟡 良好,✅ 通過,https://raw.githubusercontent.com/wenchiehlee/GoogleSearch/refs/heads/main/data/md/3231_%E7%B7%AF%E5%89%B5_factset_bc26a685.md,2026-01-07 13:52:39,2026-02-16 03:44:47
3231,緯創,3231-TW,2025-05-06,12,135.0,10.58,7.57,8.43,8.37,12.40,8.43,10.28,10.12,14.07,10.02,12.05,12.05,,,,,1685532000.00,1235480020.00,1440524330.00,1375206630.00,2171020000.00,1386589280.00,1710112360.00,1746352130.00,2073528720.00,1814382120.00,1943955420.00,1943955420.00,,,,,8.9,🟡 良好,✅ 通過,https://raw.githubusercontent.com/wenchiehlee/GoogleSearch/refs/heads/main/data/md/3231_%E7%B7%AF%E5%89%B5_factset_bdc7a6cf.md,2026-01-08 02:30:21,2026-02-16 03:44:47
3231,緯創,3231-TW,2025-05-02,12,135.0,10.60,7.57,8.39,8.18,12.40,8.43,10.22,10.12,10.02,10.02,10.02,10.02,,,,,1685532000.00,1235480020.00,1414303010.00,1350395880.00,2171020000.00,1386589280.00,1674814920.00,1623619080.00,1814382120.00,1814382120.00,1814382120.00,1814382120.00,,,,,8.9,🟡 良好,✅ 通過,https://raw.githubusercontent.com/wenchiehlee/GoogleSearch/refs/heads/main/data/md/3231_%E7%B7%AF%E5%89%B5_factset_a637f61f.md,2025-12-31 10:26:33,2026-02-16 03:44:47
3711,日月光投控,3711-TW,2026-02-06,21,340.0,,,,,16.95,11.57,14.24,14.23,23.65,15.18,20.02,20.32,25.15,25.00,25.07,25.07,,,,,814858000.00,700690000.00,742043420.00,746158500.00,958891200.00,754244000.00,861527560.00,858750000.00,962144640.00,953000000.00,957572320.00,957572320.00,9.7,🟢 優秀,✅ 通過,https://raw.githubusercontent.com/wenchiehlee/GoogleSearch/refs/heads/main/data/md/3711_%E6%97%A5%E6%9C%88%E5%85%89%E6%8A%95%E6%8E%A7_factset_60ca92af.md,2026-02-12 19:51:15,2026-02-16 03:44:47
3711,日月光投控,3711-TW,2026-02-06,21,340.0,,,,,16.95,11.57,14.24,14.23,23.65,15.18,20.02,20.32,25.15,25.00,25.07,25.07,,,,,814858000.00,700690000.00,742043420.00,746158500.00,958891200.00,754244000.00,861527560.00,858750000.00,962144640.00,953000000.00,957572320.00,957572320.00,9.7,🟢 優秀,✅ 通過,https://raw.githubusercontent.com/wenchiehlee/GoogleSearch/refs/heads/main/data/md/3711_%E6%97%A5%E6%9C%88%E5%85%89%E6%8A%95%E6%8E%A7_factset_424c9a7f.md,2026-02-06 19:20:31,2026-02-16 03:44:47
3711,日月光投控,3711-TW,2026-02-05,20,272.35,,,,,16.95,10.58,13.46,13.54,22.21,12.48,18.01,17.54,25.00,25.00,25.00,25.00,,,,,814858000.00,684996000.00,729093930.00,723985000.00,973518590.00,704224000.00,838857490.00,829301000.00,953000000.00,953000000.00,953000000.00,953000000.00,9.7,🟢 優秀,✅ 通過,https://raw.githubusercontent.com/wenchiehlee/GoogleSearch/refs/heads/main/data/md/3711_%E6%97%A5%E6%9C%88%E5%85%89%E6%8A%95%E6%8E%A7_factset_619e373e.md,2026-02-15 18:57:56,2026-02-16 03:44:47
3711,日月光投控,3711-TW,2026-01-08,19,260.0,9.42,8.39,8.71,8.70,14.52,10.60,13.21,13.53,20.66,12.48,17.01,16.85,25.00,25.00,25.00,25.00,644588560.00,637351000.00,640179270.00,639973000.00,771099470.00,684996000.00,728367490.00,727917740.00,973518590.00,704224000.00,822958830.00,822472000.00,953000000.00,953000000.00,953000000.00,953000000.00,9.4,🟢 優秀,✅ 通過,https://raw.githubusercontent.com/wenchiehlee/GoogleSearch/refs/heads/main/data/md/3711_%E6%97%A5%E6%9C%88%E5%85%89%E6%8A%95%E6%8E%A7_factset_1543f600.md,2026-01-24 00:18:37,2026-02-16 03:44:47
3711,日月光投控,3711-TW,2026-01-07,20,258.0,9.42,7.65,8.65,8.65,14.52,10.60,13.17,13.48,20.66,12.48,16.84,16.81,25.00,25.00,25.00,25.00,644588560.00,637351000.00,640179440.00,639986500.00,771099470.00,684996000.00,730074260.00,728373600.00,973518590.00,704224000.00,825353520.00,822845000.00,953000000.00,953000000.00,953000000.00,953000000.00,9.7,🟢 優秀,✅ 通過,https://raw.githubusercontent.com/wenchiehlee/GoogleSearch/refs/heads/main/data/md/3711_%E6%97%A5%E6%9C%88%E5%85%89%E6%8A%95%E6%8E%A7_factset_10236240.md,2026-01-17 18:47:53,2026-02-16 03:44:47
3711,日月光投控,3711-TW,2025-08-04,20,171.5,10.54,7.26,8.32,7.78,14.75,9.15,12.14,12.39,17.62,11.84,15.45,16.12,,,,,695038390.00,615661260.00,638209290.00,633344500.00,796560000.00,662484000.00,713344460.00,704656340.00,913526000.00,705505000.00,807828400.00,822166000.00,,,,,9.7,🟢 優秀,✅ 通過,https://raw.githubusercontent.com/wenchiehlee/GoogleSearch/refs/heads/main/data/md/3711_%E6%97%A5%E6%9C%88%E5%85%89%E6%8A%95%E6%8E%A7_factset_6fa28413.md,2026-02-07 19:00:12,2026-02-16 03:44:47
3711,日月光投控,3711-TW,2025-08-04,20,171.5,10.54,7.26,8.32,7.78,14.75,9.15,12.14,12.39,17.62,11.84,15.45,16.12,,,,,695038390.00,615661260.00,638209290.00,633344500.00,796560000.00,662484000.00,713344460.00,704656340.00,913526000.00,705505000.00,807828400.00,822166000.00,,,,,9.7,🟢 優秀,✅ 通過,https://raw.githubusercontent.com/wenchiehlee/GoogleSearch/refs/heads/main/data/md/3711_%E6%97%A5%E6%9C%88%E5%85%89%E6%8A%95%E6%8E%A7_factset_4ae7aea5.md,2026-01-10 19:06:21,2026-02-16 03:44:47
4938,和碩,4938-TW,2025-08-14,15,150.0,11.18,7.00,8.84,8.84,13.66,7.95,10.82,10.85,14.69,9.04,11.88,11.44,,,,,2095512000.00,1654225800.00,1934905970.00,2024215240.00,2716228000.00,1816666200.00,2231695470.00,2238930040.00,2824291610.00,1912460320.00,2383552880.00,2428074110.00,,,,,9.4,🟢 優秀,✅ 通過,https://raw.githubusercontent.com/wenchiehlee/GoogleSearch/refs/heads/main/data/md/4938_%E5%92%8C%E7%A2%A9_factset_afbf08ba.md,2025-12-31 19:24:38,2026-02-16 03:44:47
4938,和碩,4938-TW,2025-08-14,8,90.0,7.08,4.69,6.07,6.12,7.41,6.25,6.87,6.81,7.67,6.31,7.26,7.45,,,,,1200717000.00,1080037000.00,1147008920.00,1155691710.00,1262251890.00,1159260490.00,1210750640.00,1210230660.00,1318774210.00,1183170000.00,1259017450.00,1281618220.00,,,,,8.2,🟡 良好,✅ 通過,https://raw.githubusercontent.com/wenchiehlee/GoogleSearch/refs/heads/main/data/md/4938_%E5%92%8C%E7%A2%A9_factset_1d779f30.md,2025-12-31 19:24:30,2026-02-16 03:44:47
5274,信驊,5274-TW,2025-11-25,15,7200.0,101.43,92.12,96.78,97.18,152.29,109.20,133.56,133.67,196.48,141.52,173.62,170.99,,,,,9057800.00,8782000.00,8889990.00,8878060.00,13073660.00,9967000.00,11603840.00,11612230.00,17321150.00,11992000.00,14949770.00,14991500.00,,,,,9.4,🟢 優秀,✅ 通過,https://raw.githubusercontent.com/wenchiehlee/GoogleSearch/refs/heads/main/data/md/5274_%E4%BF%A1%E9%A9%8A_factset_a4d93ba3.md,2025-12-29 18:49:11,2026-02-16 03:44:47
5274,信驊,5274-TW,2025-11-25,15,7200.0,101.43,92.12,96.78,97.18,152.29,109.20,133.56,133.67,196.48,141.52,173.62,170.99,,,,,9057800.00,8782000.00,8889990.00,8878060.00,13073660.00,9967000.00,11603840.00,11612230.00,17321150.00,11992000.00,14949770.00,14991500.00,,,,,9.4,🟢 優秀,✅ 通過,https://raw.githubusercontent.com/wenchiehlee/GoogleSearch/refs/heads/main/data/md/5274_%E4%BF%A1%E9%A9%8A_factset_5e9be637.md,2025-12-28 18:47:39,2026-02-16 03:44:47
5274,信驊,5274-TW,2025-11-06,15,6200.0,101.37,83.57,92.26,92.12,143.53,106.96,123.20,122.33,185.47,150.75,163.13,162.01,,,,,9052080.00,8527000.00,8775420.00,8794560.00,12178380.00,9755000.00,10841400.00,10651990.00,16190440.00,13067320.00,14222490.00,14139340.00,,,,,9.4,🟢 優秀,✅ 通過,https://raw.githubusercontent.com/wenchiehlee/GoogleSearch/refs/heads/main/data/md/5274_%E4%BF%A1%E9%A9%8A_factset_9a2c28a9.md,2025-12-31 18:48:17,2026-02-16 03:44:47
6561,是方,6561-TW,2025-08-07,16,287.0,12.10,8.51,9.80,9.67,18.18,9.33,12.86,13.10,17.21,13.92,15.47,15.76,,,,,41545220.00,37136000.00,39131750.00,38683650.00,58843940.00,41003000.00,48657300.00,48131000.00,78537890.00,52245290.00,60926790.00,58961000.00,,,,,9.4,🟢 優秀,✅ 通過,https://raw.githubusercontent.com/wenchiehlee/GoogleSearch/refs/heads/main/data/md/6561_%E6%98%AF%E6%96%B9_factset_50668bff.md,2025-12-31 10:31:46,2026-02-16 03:44:47
6669,緯穎,6669-TW,2025-11-14,20,5250.0,278.15,171.37,253.57,262.08,346.07,198.71,292.87,300.34,441.16,291.45,366.04,362.73,,,,,928305690.00,801207000.00,894166100.00,906357660.00,1297680000.00,952207000.00,1162713320.00,1175401170.00,1622189400.00,1109176890.00,1454469230.00,1514549300.00,,,,,9.7,🟢 優秀,✅ 通過,https://raw.githubusercontent.com/wenchiehlee/GoogleSearch/refs/heads/main/data/md/6669_%E7%B7%AF%E7%A9%8E_factset_93f58f3e.md,2026-01-05 11:03:21,2026-02-16 03:44:47
6669,緯穎,6669-TW,2025-10-24,20,4080.0,255.83,171.37,233.86,239.25,324.10,198.71,261.27,260.19,424.27,246.05,322.10,328.91,,,,,906980000.00,801207000.00,861587780.00,878635920.00,1229477330.00,874091000.00,1059777540.00,1040120000.00,1584389400.00,1043445260.00,1303801280.00,1267323000.00,,,,,9.7,🟢 優秀,✅ 通過,https://raw.githubusercontent.com/wenchiehlee/GoogleSearch/refs/heads/main/data/md/6669_%E7%B7%AF%E7%A9%8E_factset_ec3199be.md,2025-12-28 18:48:10,2026-02-16 03:44:47
6669,緯穎,6669-TW,2025-10-24,20,4080.0,255.83,171.37,233.86,239.25,324.10,198.71,261.27,260.19,424.27,246.05,322.10,328.91,,,,,906980000.00,801207000.00,861587780.00,878635920.00,1229477330.00,874091000.00,1059777540.00,1040120000.00,1584389400.00,1043445260.00,1303801280.00,1267323000.00,,,,,9.7,🟢 優秀,✅ 通過,https://raw.githubusercontent.com/wenchiehlee/GoogleSearch/refs/heads/main/data/md/6669_%E7%B7%AF%E7%A9%8E_factset_37a19306.md,2026-01-10 18:47:09,2026-02-16 03:44:47
6669,緯穎,6669-TW,2025-09-01,20,3700.0,246.66,147.00,215.89,221.12,282.37,183.20,236.19,239.06,333.16,231.26,273.63,269.06,,,,,872498780.00,789228430.00,824802480.00,821289020.00,1093425500.00,795498260.00,960127510.00,954646500.00,1315356130.00,935121470.00,1111696840.00,1095092110.00,,,,,9.7,🟢 優秀,✅ 通過,https://raw.githubusercontent.com/wenchiehlee/GoogleSearch/refs/heads/main/data/md/6669_%E7%B7%AF%E7%A9%8E_factset_1cfff85c.md,2026-02-05 19:08:34,2026-02-16 03:44:47
6669,緯穎,6669-TW,2025-08-18,20,3700.0,246.66,147.00,213.40,218.70,282.37,183.20,233.64,231.92,333.16,231.26,273.63,269.06,,,,,872498780.00,789228430.00,824802480.00,821289020.00,1093425500.00,795498260.00,960127510.00,954646500.00,1315356130.00,935121470.00,1111696840.00,1095092110.00,,,,,9.7,🟢 優秀,✅ 通過,https://raw.githubusercontent.com/wenchiehlee/GoogleSearch/refs/heads/main/data/md/6669_%E7%B7%AF%E7%A9%8E_factset_a27f9eb7.md,2026-01-10 18:47:04,2026-02-16 03:44:47
6669,緯穎,6669-TW,2025-08-18,20,3700.0,246.66,147.00,213.40,218.70,282.37,183.20,233.64,231.92,333.16,231.26,273.63,269.06,,,,,872498780.00,789228430.00,824802480.00,821289020.00,1093425500.00,795498260.00,960127510.00,954646500.00,1315356130.00,935121470.00,1111696840.00,1095092110.00,,,,,9.7,🟢 優秀,✅ 通過,https://raw.githubusercontent.com/wenchiehlee/GoogleSearch/refs/heads/main/data/md/6669_%E7%B7%AF%E7%A9%8E_factset_075658b7.md,2026-02-12 19:35:53,2026-02-16 03:44:47
8299,群聯,8299-TW,2025-10-24,12,970.0,38.85,23.28,29.44,28.88,55.06,35.35,46.86,48.20,64.10,41.92,52.50,51.99,,,,,72430000.00,65793000.00,69044900.00,69315000.00,100223000.00,72299000.00,87572240.00,86707870.00,105430000.00,96298000.00,100914480.00,100964950.00,,,,,8.9,🟡 良好,✅ 通過,https://raw.githubusercontent.com/wenchiehlee/GoogleSearch/refs/heads/main/data/md/8299_%E7%BE%A4%E8%81%AF_factset_e83e255a.md,2025-12-31 18:48:27,2026-02-16 03:44:47
8299,群聯,8299-TW,2025-05-10,14,642.0,42.03,20.30,32.26,33.41,44.61,28.24,36.39,36.85,47.91,39.52,43.72,43.72,,,,,72871000.00,58067000.00,66729270.00,68289000.00,86155000.00,62444000.00,76034440.00,76882000.00,92324510.00,76783890.00,84554200.00,84554200.00,,,,,8.7,🟡 良好,✅ 通過,https://raw.githubusercontent.com/wenchiehlee/GoogleSearch/refs/heads/main/data/md/8299_%E7%BE%A4%E8%81%AF_factset_ac98620b.md,2025-12-31 19:10:25,2026-02-16 03:44:47
9914,美利達,9914-TW,2025-12-12,11,121.0,6.33,4.95,5.64,5.63,8.31,5.55,6.99,7.08,10.03,7.17,8.70,8.67,,,,,29500000.00,26613050.00,27687670.00,27574000.00,31444000.00,25613000.00,28601930.00,28603830.00,34645630.00,27112000.00,30877820.00,31156000.00,,,,,8.9,🟡 良好,✅ 通過,https://raw.githubusercontent.com/wenchiehlee/GoogleSearch/refs/heads/main/data/md/9914_%E7%BE%8E%E5%88%A9%E9%81%94_factset_51e5bbf7.md,2025-12-31 18:48:02,2026-02-16 03:44:47
9914,美利達,9914-TW,2025-11-25,12,116.5,6.33,4.45,5.54,5.61,8.31,5.55,6.88,7.03,10.03,7.17,8.70,8.67,,,,,29500000.00,26613050.00,27663540.00,27486060.00,31444000.00,25613000.00,28586860.00,28576000.00,34645630.00,27112000.00,30877820.00,31156000.00,,,,,8.9,🟡 良好,✅ 通過,https://raw.githubusercontent.com/wenchiehlee/GoogleSearch/refs/heads/main/data/md/9914_%E7%BE%8E%E5%88%A9%E9%81%94_factset_76e435ab.md,2025-12-28 18:47:37,2026-02-16 03:44:47
9914,美利達,9914-TW,2025-11-07,12,129.0,6.93,4.45,5.93,5.99,9.21,5.77,7.85,7.97,11.21,8.38,9.76,9.61,,,,,29500000.00,27398120.00,28387110.00,28280000.00,31444000.00,26975000.00,29646530.00,29672580.00,34645630.00,28940000.00,32459120.00,32453040.00,,,,,8.9,🟡 良好,✅ 通過,https://raw.githubusercontent.com/wenchiehlee/GoogleSearch/refs/heads/main/data/md/9914_%E7%BE%8E%E5%88%A9%E9%81%94_factset_da7da75e.md,2025-12-30 18:50:39,2026-02-16 03:44:47
9921,巨大,9921-TW,2025-12-12,8,112.5,6.09,2.73,3.59,3.26,8.87,3.20,5.81,5.55,10.29,6.74,8.05,7.77,,,,,69246450.00,61193130.00,63051850.00,61975230.00,75863620.00,63840000.00,68446540.00,68400000.00,81322540.00,68711000.00,73173790.00,72239700.00,,,,,7.7,🟡 良好,✅ 通過,https://raw.githubusercontent.com/wenchiehlee/GoogleSearch/refs/heads/main/data/md/9921_%E5%B7%A8%E5%A4%A7_factset_687acb43.md,2025-12-31 18:48:05,2026-02-16 03:44:47
9921,巨大,9921-TW,2025-12-12,8,112.5,6.09,2.73,3.59,3.26,8.87,3.20,5.81,5.55,10.29,6.74,8.05,7.77,,,,,69246450.00,61193130.00,63051850.00,61975230.00,75863620.00,63840000.00,68446540.00,68400000.00,81322540.00,68711000.00,73173790.00,72239700.00,,,,,7.7,🟡 良好,✅ 通過,https://raw.githubusercontent.com/wenchiehlee/GoogleSearch/refs/heads/main/data/md/9921_%E5%B7%A8%E5%A4%A7_factset_58206f63.md,2025-12-31 10:29:07,2026-02-16 03:44:47
9921,巨大,9921-TW,2025-11-28,8,112.5,6.09,3.00,3.64,3.33,8.87,4.98,6.18,5.62,10.29,6.74,8.05,7.77,,,,,69246450.00,61193130.00,63051850.00,61975230.00,75863620.00,63840000.00,68446540.00,68400000.00,81322540.00,68711000.00,73173790.00,72239700.00,,,,,8.0,🟡 良好,✅ 通過,https://raw.githubusercontent.com/wenchiehlee/GoogleSearch/refs/heads/main/data/md/9921_%E5%B7%A8%E5%A4%A7_factset_cfb2e680.md,2025-12-28 18:47:43,2026-02-16 03:44:47
9921,巨大,9921-TW,2025-11-18,9,109.0,6.09,2.78,3.58,3.45,8.87,5.42,6.23,5.81,10.29,6.74,8.15,7.99,,,,,69246450.00,61193130.00,63602020.00,63158550.00,75863620.00,63840000.00,68591790.00,68400000.00,81322540.00,68711000.00,73298550.00,71929400.00,,,,,8.0,🟡 良好,✅ 通過,https://raw.githubusercontent.com/wenchiehlee/GoogleSearch/refs/heads/main/data/md/9921_%E5%B7%A8%E5%A4%A7_factset_f1512af4.md,2025-12-31 18:48:06,2026-02-16 03:44:47
