公司代號,公司名稱,MD檔案數量,處理狀態,平均品質評分,最高品質評分,搜尋關鍵字數量,主要關鍵字,關鍵字平均品質,最新檔案日期,驗證狀態,處理日期
2308,台達電,14,📄 多個檔案,9.59,9.7,19,"預估, EPS, FactSet",9.59,2026/5/2,✅ 驗證通過,2026-09-29 08:52:01
2317,鴻海,10,📄 多個檔案,9.67,9.7,15,"預估, EPS, FactSet",9.67,2026/8/7,✅ 驗證通過,2026-09-29 08:52:01
2324,仁寶,3,📄 多個檔案,8.9,8.9,10,"FactSet, site, cnyes.com",8.9,2026/8/24,✅ 驗證通過,2026-09-29 08:52:01
2330,台積電,15,📄 多個檔案,10.0,10.0,20,"預估, EPS, FactSet",10.0,2026/7/19,✅ 驗證通過,2026-09-29 08:52:01
2347,聯強,0,❌ 未找到,0.0,0.0,0,,0.0,,✅ 驗證通過,2026-09-29 08:52:01
2354,鴻準,0,❌ 未找到,0.0,0.0,0,,0.0,,✅ 驗證通過,2026-09-29 08:52:01
2356,英業達,10,📄 多個檔案,8.9,8.9,15,"預估, EPS, FactSet",8.9,2026/8/13,✅ 驗證通過,2026-09-29 08:52:01
2357,華碩,23,📄 多個檔案,9.3,9.4,23,"預估, EPS, FactSet",9.3,2026/9/28,✅ 驗證通過,2026-09-29 08:52:01
2376,技嘉,18,📄 多個檔案,8.86,8.9,22,"預估, EPS, FactSet",8.86,2026/9/2,✅ 驗證通過,2026-09-29 08:52:01
2377,微星,0,❌ 未找到,0.0,0.0,0,,0.0,,✅ 驗證通過,2026-09-29 08:52:01
2379,瑞昱,19,📄 多個檔案,9.09,9.7,23,"FactSet, site, cnyes.com",9.09,2026/9/21,✅ 驗證通過,2026-09-29 08:52:01
2382,廣達,20,📄 多個檔案,9.68,9.7,24,"預估, EPS, FactSet",9.68,2026/9/22,✅ 驗證通過,2026-09-29 08:52:01
2395,研華,16,📄 多個檔案,9.4,9.4,20,"預估, EPS, FactSet",9.4,2026/9/15,✅ 驗證通過,2026-09-29 08:52:01
2405,輔信,0,❌ 未找到,0.0,0.0,0,,0.0,,✅ 驗證通過,2026-09-29 08:52:01
2412,中華電,0,❌ 未找到,0.0,0.0,0,,0.0,,✅ 驗證通過,2026-09-29 08:52:01
2451,創見,0,❌ 未找到,0.0,0.0,0,,0.0,,✅ 驗證通過,2026-09-29 08:52:01
2454,聯發科,22,📄 多個檔案,9.5,9.7,22,"預估, EPS, FactSet",9.5,2026/8/4,✅ 驗證通過,2026-09-29 08:52:01
2458,義隆,9,📄 多個檔案,8.9,8.9,15,"FactSet, site, cnyes.com",8.9,2026/8/26,✅ 驗證通過,2026-09-29 08:52:01
2474,可成,0,❌ 未找到,0.0,0.0,0,,0.0,,✅ 驗證通過,2026-09-29 08:52:01
2480,敦陽科,0,❌ 未找到,0.0,0.0,0,,0.0,,✅ 驗證通過,2026-09-29 08:52:01
3022,威強電,0,❌ 未找到,0.0,0.0,0,,0.0,,✅ 驗證通過,2026-09-29 08:52:01
3026,禾伸堂,0,❌ 未找到,0.0,0.0,0,,0.0,,✅ 驗證通過,2026-09-29 08:52:01
3034,聯詠,22,📄 多個檔案,9.33,9.7,24,"預估, EPS, FactSet",9.33,2026/8/7,✅ 驗證通過,2026-09-29 08:52:01
3045,台灣大,0,❌ 未找到,0.0,0.0,0,,0.0,,✅ 驗證通過,2026-09-29 08:52:01
3048,益登,0,❌ 未找到,0.0,0.0,0,,0.0,,✅ 驗證通過,2026-09-29 08:52:01
3231,緯創,14,📄 多個檔案,9.27,9.4,18,"預估, EPS, FactSet",9.27,2026/9/7,✅ 驗證通過,2026-09-29 08:52:01
3356,奇偶,0,❌ 未找到,0.0,0.0,0,,0.0,,✅ 驗證通過,2026-09-29 08:52:01
4938,和碩,3,📄 多個檔案,8.9,8.9,10,"預估, EPS, FactSet",8.9,2026/2/13,✅ 驗證通過,2026-09-29 08:52:01
5203,訊連,0,❌ 未找到,0.0,0.0,0,,0.0,,✅ 驗證通過,2026-09-29 08:52:01
6214,精誠,0,❌ 未找到,0.0,0.0,0,,0.0,,✅ 驗證通過,2026-09-29 08:52:01
6285,啟碁,1,✅ 已處理,8.9,8.9,4,"預估, EPS, 啟碁",8.9,2026/5/6,✅ 驗證通過,2026-09-29 08:52:01
6462,神盾,0,❌ 未找到,0.0,0.0,0,,0.0,,✅ 驗證通過,2026-09-29 08:52:01
9914,美利達,20,📄 多個檔案,8.9,8.9,24,"預估, EPS, FactSet",8.9,2026/9/14,✅ 驗證通過,2026-09-29 08:52:01
9921,巨大,0,❌ 未找到,0.0,0.0,0,,0.0,,✅ 驗證通過,2026-09-29 08:52:01
8272,全景軟體,0,❌ 未找到,0.0,0.0,0,,0.0,,✅ 驗證通過,2026-09-29 08:52:01
8299,群聯,14,📄 多個檔案,8.44,8.9,17,"預估, EPS, FactSet",8.44,2026/9/23,✅ 驗證通過,2026-09-29 08:52:01
5434,崇越,0,❌ 未找到,0.0,0.0,0,,0.0,,✅ 驗證通過,2026-09-29 08:52:01
6526,達發,0,❌ 未找到,0.0,0.0,0,,0.0,,✅ 驗證通過,2026-09-29 08:52:01
2301,光寶科,11,📄 多個檔案,8.9,8.9,16,"預估, EPS, FactSet",8.9,2026/8/3,✅ 驗證通過,2026-09-29 08:52:01
3035,智原,15,📄 多個檔案,8.55,8.9,18,"預估, EPS, FactSet",8.55,2026/8/6,✅ 驗證通過,2026-09-29 08:52:01
5269,祥碩,1,✅ 已處理,8.9,8.9,4,"預估, EPS, 祥碩",8.9,2025/11/18,✅ 驗證通過,2026-09-29 08:52:01
6669,緯穎,20,📄 多個檔案,9.48,9.7,23,"預估, EPS, FactSet",9.48,2026/9/2,✅ 驗證通過,2026-09-29 08:52:01
6695,芯鼎,0,❌ 未找到,0.0,0.0,0,,0.0,,✅ 驗證通過,2026-09-29 08:52:01
6561,是方,0,❌ 未找到,0.0,0.0,0,,0.0,,✅ 驗證通過,2026-09-29 08:52:01
7765,中華資安,0,❌ 未找到,0.0,0.0,0,,0.0,,✅ 驗證通過,2026-09-29 08:52:01
3150,鈺寶-創,0,❌ 未找到,0.0,0.0,0,,0.0,,✅ 驗證通過,2026-09-29 08:52:01
2646,星宇航空,0,❌ 未找到,0.0,0.0,0,,0.0,,✅ 驗證通過,2026-09-29 08:52:01
4953,緯軟,0,❌ 未找到,0.0,0.0,0,,0.0,,✅ 驗證通過,2026-09-29 08:52:01
6231,系微,0,❌ 未找到,0.0,0.0,0,,0.0,,✅ 驗證通過,2026-09-29 08:52:01
9917,中保科,0,❌ 未找到,0.0,0.0,0,,0.0,,✅ 驗證通過,2026-09-29 08:52:01
3558,神準,0,❌ 未找到,0.0,0.0,0,,0.0,,✅ 驗證通過,2026-09-29 08:52:01
2450,神腦,0,❌ 未找到,0.0,0.0,0,,0.0,,✅ 驗證通過,2026-09-29 08:52:01
2303,聯電,21,📄 多個檔案,9.44,9.7,24,"預估, EPS, FactSet",9.44,2026/7/9,✅ 驗證通過,2026-09-29 08:52:01
7708,全家餐飲,0,❌ 未找到,0.0,0.0,0,,0.0,,✅ 驗證通過,2026-09-29 08:52:01
6613,朋億,0,❌ 未找到,0.0,0.0,0,,0.0,,✅ 驗證通過,2026-09-29 08:52:01
7703,銳澤,0,❌ 未找到,0.0,0.0,0,,0.0,,✅ 驗證通過,2026-09-29 08:52:01
2353,宏碁,0,❌ 未找到,0.0,0.0,0,,0.0,,✅ 驗證通過,2026-09-29 08:52:01
3158,嘉實,0,❌ 未找到,0.0,0.0,0,,0.0,,✅ 驗證通過,2026-09-29 08:52:01
6035,悠遊卡,0,❌ 未找到,0.0,0.0,0,,0.0,,✅ 驗證通過,2026-09-29 08:52:01
7722,LINEPAY,0,❌ 未找到,0.0,0.0,0,,0.0,,✅ 驗證通過,2026-09-29 08:52:01
5904,寶雅,0,❌ 未找到,0.0,0.0,0,,0.0,,✅ 驗證通過,2026-09-29 08:52:01
6182,合晶,0,❌ 未找到,0.0,0.0,0,,0.0,,✅ 驗證通過,2026-09-29 08:52:01
6962,奕力-KY,0,❌ 未找到,0.0,0.0,0,,0.0,,✅ 驗證通過,2026-09-29 08:52:01
7705,三商餐飲,0,❌ 未找到,0.0,0.0,0,,0.0,,✅ 驗證通過,2026-09-29 08:52:01
3014,聯陽,0,❌ 未找到,0.0,0.0,0,,0.0,,✅ 驗證通過,2026-09-29 08:52:01
6720,久昌,0,❌ 未找到,0.0,0.0,0,,0.0,,✅ 驗證通過,2026-09-29 08:52:01
6757,台灣虎航,0,❌ 未找到,0.0,0.0,0,,0.0,,✅ 驗證通過,2026-09-29 08:52:01
7794,宏碁智新,0,❌ 未找到,0.0,0.0,0,,0.0,,✅ 驗證通過,2026-09-29 08:52:01
6996,力領科技,0,❌ 未找到,0.0,0.0,0,,0.0,,✅ 驗證通過,2026-09-29 08:52:01
8016,矽創,0,❌ 未找到,0.0,0.0,0,,0.0,,✅ 驗證通過,2026-09-29 08:52:01
8045,達運光電,0,❌ 未找到,0.0,0.0,0,,0.0,,✅ 驗證通過,2026-09-29 08:52:01
7704,明遠精密,0,❌ 未找到,0.0,0.0,0,,0.0,,✅ 驗證通過,2026-09-29 08:52:01
6997,博弘,0,❌ 未找到,0.0,0.0,0,,0.0,,✅ 驗證通過,2026-09-29 08:52:01
4749,新應材,0,❌ 未找到,0.0,0.0,0,,0.0,,✅ 驗證通過,2026-09-29 08:52:01
7747,昕奇雲端,0,❌ 未找到,0.0,0.0,0,,0.0,,✅ 驗證通過,2026-09-29 08:52:01
6123,上奇,0,❌ 未找到,0.0,0.0,0,,0.0,,✅ 驗證通過,2026-09-29 08:52:01
6425,易發,0,❌ 未找到,0.0,0.0,0,,0.0,,✅ 驗證通過,2026-09-29 08:52:01
7712,博盛半導體,0,❌ 未找到,0.0,0.0,0,,0.0,,✅ 驗證通過,2026-09-29 08:52:01
6811,宏碁資訊,0,❌ 未找到,0.0,0.0,0,,0.0,,✅ 驗證通過,2026-09-29 08:52:01
3029,零壹,0,❌ 未找到,0.0,0.0,0,,0.0,,✅ 驗證通過,2026-09-29 08:52:01
6690,安碁資訊,0,❌ 未找到,0.0,0.0,0,,0.0,,✅ 驗證通過,2026-09-29 08:52:01
6763,綠界科技,0,❌ 未找到,0.0,0.0,0,,0.0,,✅ 驗證通過,2026-09-29 08:52:01
6751,智聯服務,0,❌ 未找到,0.0,0.0,0,,0.0,,✅ 驗證通過,2026-09-29 08:52:01
6442,光聖,0,❌ 未找到,0.0,0.0,0,,0.0,,✅ 驗證通過,2026-09-29 08:52:01
8454,富邦媒,0,❌ 未找到,0.0,0.0,0,,0.0,,✅ 驗證通過,2026-09-29 08:52:01
2332,友訊,0,❌ 未找到,0.0,0.0,0,,0.0,,✅ 驗證通過,2026-09-29 08:52:01
7805,威聯通,0,❌ 未找到,0.0,0.0,0,,0.0,,✅ 驗證通過,2026-09-29 08:52:01
5536,聖暉,0,❌ 未找到,0.0,0.0,0,,0.0,,✅ 驗證通過,2026-09-29 08:52:01
6125,廣運,0,❌ 未找到,0.0,0.0,0,,0.0,,✅ 驗證通過,2026-09-29 08:52:01
2359,所羅門,0,❌ 未找到,0.0,0.0,0,,0.0,,✅ 驗證通過,2026-09-29 08:52:01
6506,雙邦,0,❌ 未找到,0.0,0.0,0,,0.0,,✅ 驗證通過,2026-09-29 08:52:01
3293,鈊象,0,❌ 未找到,0.0,0.0,0,,0.0,,✅ 驗證通過,2026-09-29 08:52:01
5274,信驊,20,📄 多個檔案,8.79,9.4,22,"預估, EPS, FactSet",8.79,2026/9/5,✅ 驗證通過,2026-09-29 08:52:01
2603,長榮,9,📄 多個檔案,8.52,8.7,14,"預估, EPS, FactSet",8.52,2026/8/26,✅ 驗證通過,2026-09-29 08:52:01
7547,碩網,0,❌ 未找到,0.0,0.0,0,,0.0,,✅ 驗證通過,2026-09-29 08:52:01
7734,印能科技,0,❌ 未找到,0.0,0.0,0,,0.0,,✅ 驗證通過,2026-09-29 08:52:01
7736,虎山,0,❌ 未找到,0.0,0.0,0,,0.0,,✅ 驗證通過,2026-09-29 08:52:01
7728,光焱科技,0,❌ 未找到,0.0,0.0,0,,0.0,,✅ 驗證通過,2026-09-29 08:52:01
7732,金興精密,0,❌ 未找到,0.0,0.0,0,,0.0,,✅ 驗證通過,2026-09-29 08:52:01
7769,鴻勁,0,❌ 未找到,0.0,0.0,0,,0.0,,✅ 驗證通過,2026-09-29 08:52:01
2383,台光電,16,📄 多個檔案,9.36,9.4,19,"預估, EPS, FactSet",9.36,2026/8/4,✅ 驗證通過,2026-09-29 08:52:01
7709,榮田,0,❌ 未找到,0.0,0.0,0,,0.0,,✅ 驗證通過,2026-09-29 08:52:01
7713,威力德生醫,0,❌ 未找到,0.0,0.0,0,,0.0,,✅ 驗證通過,2026-09-29 08:52:01
3260,威剛,0,❌ 未找到,0.0,0.0,0,,0.0,,✅ 驗證通過,2026-09-29 08:52:01
4114,健喬,0,❌ 未找到,0.0,0.0,0,,0.0,,✅ 驗證通過,2026-09-29 08:52:01
3467,台灣精材,0,❌ 未找到,0.0,0.0,0,,0.0,,✅ 驗證通過,2026-09-29 08:52:01
7737,凱鈿,0,❌ 未找到,0.0,0.0,0,,0.0,,✅ 驗證通過,2026-09-29 08:52:01
6597,立誠,0,❌ 未找到,0.0,0.0,0,,0.0,,✅ 驗證通過,2026-09-29 08:52:01
6850,光鼎生技,0,❌ 未找到,0.0,0.0,0,,0.0,,✅ 驗證通過,2026-09-29 08:52:01
6902,GOGOLOOK,0,❌ 未找到,0.0,0.0,0,,0.0,,✅ 驗證通過,2026-09-29 08:52:01
6918,愛派司,0,❌ 未找到,0.0,0.0,0,,0.0,,✅ 驗證通過,2026-09-29 08:52:01
6925,意藍,0,❌ 未找到,0.0,0.0,0,,0.0,,✅ 驗證通過,2026-09-29 08:52:01
7749,意騰-KY,0,❌ 未找到,0.0,0.0,0,,0.0,,✅ 驗證通過,2026-09-29 08:52:01
2449,京元電子,15,📄 多個檔案,9.13,9.4,20,"預估, EPS, FactSet",9.13,2026/8/10,✅ 驗證通過,2026-09-29 08:52:01
2345,智邦,20,📄 多個檔案,8.9,8.9,25,"預估, EPS, FactSet",8.9,2026/9/18,✅ 驗證通過,2026-09-29 08:52:01
6510,精測,0,❌ 未找到,0.0,0.0,0,,0.0,,✅ 驗證通過,2026-09-29 08:52:01
3661,世芯-KY,23,📄 多個檔案,9.29,9.4,26,"預估, EPS, FactSet",9.29,2026/9/21,✅ 驗證通過,2026-09-29 08:52:01
2881,富邦金,16,📄 多個檔案,8.7,8.8,23,"預估, EPS, FactSet",8.7,2026/9/3,✅ 驗證通過,2026-09-29 08:52:01
2882,國泰金,18,📄 多個檔案,8.87,8.9,22,"預估, EPS, FactSet",8.87,2026/9/2,✅ 驗證通過,2026-09-29 08:52:01
2891,中信金,15,📄 多個檔案,8.9,8.9,18,"預估, EPS, FactSet",8.9,2026/9/9,✅ 驗證通過,2026-09-29 08:52:01
2884,玉山金,11,📄 多個檔案,8.86,8.9,17,"FactSet, site, cnyes.com",8.86,2026/6/4,✅ 驗證通過,2026-09-29 08:52:01
3711,日月光投控,20,📄 多個檔案,9.64,9.7,25,"預估, EPS, FactSet",9.64,2026/9/5,✅ 驗證通過,2026-09-29 08:52:01
2408,南亞科,22,📄 多個檔案,8.68,9.2,24,"預估, EPS, FactSet",8.68,2026/9/18,✅ 驗證通過,2026-09-29 08:52:01
2360,致茂,21,📄 多個檔案,9.18,9.4,25,"預估, EPS, FactSet",9.18,2026/8/28,✅ 驗證通過,2026-09-29 08:52:01
3653,健策,9,📄 多個檔案,8.9,8.9,15,"FactSet, site, cnyes.com",8.9,2026/8/20,✅ 驗證通過,2026-09-29 08:52:01
3665,貿聯-KY,11,📄 多個檔案,9.27,9.4,15,"預估, EPS, FactSet",9.27,2026/8/21,✅ 驗證通過,2026-09-29 08:52:01
2344,華邦電,16,📄 多個檔案,8.59,8.7,20,"預估, EPS, FactSet",8.59,2026/9/8,✅ 驗證通過,2026-09-29 08:52:01
2337,旺宏,9,📄 多個檔案,8.26,8.3,13,"預估, EPS, FactSet",8.26,2026/7/30,✅ 驗證通過,2026-09-29 08:52:01
3443,創意,17,📄 多個檔案,8.85,9.2,21,"預估, EPS, FactSet",8.85,2026/7/8,✅ 驗證通過,2026-09-29 08:52:01
2851,中再保,0,❌ 未找到,0.0,0.0,0,,0.0,,✅ 驗證通過,2026-09-29 08:52:01
6414,樺漢,0,❌ 未找到,0.0,0.0,0,,0.0,,✅ 驗證通過,2026-09-29 08:52:01
6166,凌華,0,❌ 未找到,0.0,0.0,0,,0.0,,✅ 驗證通過,2026-09-29 08:52:01
6579,研揚,0,❌ 未找到,0.0,0.0,0,,0.0,,✅ 驗證通過,2026-09-29 08:52:01
8234,新漢,0,❌ 未找到,0.0,0.0,0,,0.0,,✅ 驗證通過,2026-09-29 08:52:01
3479,安勤,0,❌ 未找到,0.0,0.0,0,,0.0,,✅ 驗證通過,2026-09-29 08:52:01
6245,立端,0,❌ 未找到,0.0,0.0,0,,0.0,,✅ 驗證通過,2026-09-29 08:52:01
8050,廣積,0,❌ 未找到,0.0,0.0,0,,0.0,,✅ 驗證通過,2026-09-29 08:52:01
5347,世界,6,📄 多個檔案,9.25,9.4,11,"預估, EPS, FactSet",9.25,2026/8/4,✅ 驗證通過,2026-09-29 08:52:01
6770,力積電,0,❌ 未找到,0.0,0.0,0,,0.0,,✅ 驗證通過,2026-09-29 08:52:01
